[{"value":"Arial,'Helvetica Neue',Helvetica,sans-serif","label":"Arial","category":"system fonts"},{"value":"'Helvetica Neue',Helvetica,Arial,sans-serif","label":"Helvetica Neue","category":"system fonts"},{"value":"'TimesNewRoman','Times New Roman',Times,Baskerville,Georgia,serif","label":"Times New Roman","category":"system fonts"},{"value":"'Courier New',Courier,'Lucida Sans Typewriter','Lucida Typewriter',monospace","label":"Courier New","category":"system fonts"},{"value":"Verdana,Geneva,sans-serif","label":"Verdana","category":"system fonts"},{"value":"Georgia,Times,'Times New Roman',serif","label":"Georgia","category":"system fonts"},{"value":"Palatino,'Palatino Linotype','Palatino LT STD','Book Antiqua',Georgia,serif","label":"Palatino","category":"system fonts"},{"value":"Garamond,Baskerville,'Baskerville Old Face','Hoefler Text','Times New Roman',serif","label":"Garamond","category":"system fonts"},{"value":"'Trebuchet MS','Lucida Grande','Lucida Sans Unicode','Lucida Sans',Tahoma,sans-serif","label":"Trebuchet MS","category":"system fonts"},{"value":"'Arial Black','Arial Bold',Gadget,sans-serif","label":"Arial Black","category":"system fonts"},{"value":"Impact,Haettenschweiler,'Franklin Gothic Bold',Charcoal,'Helvetica Inserat','Bitstream Vera Sans Bold','Arial Black','sans serif'","label":"Impact","category":"system fonts"},{"value":"Tahoma,Verdana,Segoe,sans-serif","label":"Tahoma","category":"system fonts"},{"value":"'ABeeZee', sans-serif","label":"ABeeZee"},{"value":"'Abel', sans-serif","label":"Abel"},{"value":"'Abhaya Libre', serif","label":"Abhaya Libre"},{"value":"'Abril Fatface', display","label":"Abril Fatface"},{"value":"'Aclonica', sans-serif","label":"Aclonica"},{"value":"'Acme', sans-serif","label":"Acme"},{"value":"'Actor', sans-serif","label":"Actor"},{"value":"'Adamina', serif","label":"Adamina"},{"value":"'Advent Pro', sans-serif","label":"Advent Pro"},{"value":"'Aguafina Script', handwriting","label":"Aguafina Script"},{"value":"'Akaya Kanadaka', display","label":"Akaya Kanadaka"},{"value":"'Akaya Telivigala', display","label":"Akaya Telivigala"},{"value":"'Akronim', display","label":"Akronim"},{"value":"'Aladin', handwriting","label":"Aladin"},{"value":"'Alata', sans-serif","label":"Alata"},{"value":"'Alatsi', sans-serif","label":"Alatsi"},{"value":"'Aldrich', sans-serif","label":"Aldrich"},{"value":"'Alef', sans-serif","label":"Alef"},{"value":"'Alegreya', serif","label":"Alegreya"},{"value":"'Alegreya SC', serif","label":"Alegreya SC"},{"value":"'Alegreya Sans', sans-serif","label":"Alegreya Sans"},{"value":"'Alegreya Sans SC', sans-serif","label":"Alegreya Sans SC"},{"value":"'Aleo', serif","label":"Aleo"},{"value":"'Alex Brush', handwriting","label":"Alex Brush"},{"value":"'Alfa Slab One', display","label":"Alfa Slab One"},{"value":"'Alice', serif","label":"Alice"},{"value":"'Alike', serif","label":"Alike"},{"value":"'Alike Angular', serif","label":"Alike Angular"},{"value":"'Allan', display","label":"Allan"},{"value":"'Allerta', sans-serif","label":"Allerta"},{"value":"'Allerta Stencil', sans-serif","label":"Allerta Stencil"},{"value":"'Allura', handwriting","label":"Allura"},{"value":"'Almarai', sans-serif","label":"Almarai"},{"value":"'Almendra', serif","label":"Almendra"},{"value":"'Almendra Display', display","label":"Almendra Display"},{"value":"'Almendra SC', serif","label":"Almendra SC"},{"value":"'Amarante', display","label":"Amarante"},{"value":"'Amaranth', sans-serif","label":"Amaranth"},{"value":"'Amatic SC', handwriting","label":"Amatic SC"},{"value":"'Amethysta', serif","label":"Amethysta"},{"value":"'Amiko', sans-serif","label":"Amiko"},{"value":"'Amiri', serif","label":"Amiri"},{"value":"'Amita', handwriting","label":"Amita"},{"value":"'Anaheim', sans-serif","label":"Anaheim"},{"value":"'Andada', serif","label":"Andada"},{"value":"'Andika', sans-serif","label":"Andika"},{"value":"'Andika New Basic', sans-serif","label":"Andika New Basic"},{"value":"'Angkor', display","label":"Angkor"},{"value":"'Annie Use Your Telescope', handwriting","label":"Annie Use Your Telescope"},{"value":"'Anonymous Pro', monospace","label":"Anonymous Pro"},{"value":"'Antic', sans-serif","label":"Antic"},{"value":"'Antic Didone', serif","label":"Antic Didone"},{"value":"'Antic Slab', serif","label":"Antic Slab"},{"value":"'Anton', sans-serif","label":"Anton"},{"value":"'Arapey', serif","label":"Arapey"},{"value":"'Arbutus', display","label":"Arbutus"},{"value":"'Arbutus Slab', serif","label":"Arbutus Slab"},{"value":"'Architects Daughter', handwriting","label":"Architects Daughter"},{"value":"'Archivo', sans-serif","label":"Archivo"},{"value":"'Archivo Black', sans-serif","label":"Archivo Black"},{"value":"'Archivo Narrow', sans-serif","label":"Archivo Narrow"},{"value":"'Aref Ruqaa', serif","label":"Aref Ruqaa"},{"value":"'Arima Madurai', display","label":"Arima Madurai"},{"value":"'Arimo', sans-serif","label":"Arimo"},{"value":"'Arizonia', handwriting","label":"Arizonia"},{"value":"'Armata', sans-serif","label":"Armata"},{"value":"'Arsenal', sans-serif","label":"Arsenal"},{"value":"'Artifika', serif","label":"Artifika"},{"value":"'Arvo', serif","label":"Arvo"},{"value":"'Arya', sans-serif","label":"Arya"},{"value":"'Asap', sans-serif","label":"Asap"},{"value":"'Asap Condensed', sans-serif","label":"Asap Condensed"},{"value":"'Asar', serif","label":"Asar"},{"value":"'Asset', display","label":"Asset"},{"value":"'Assistant', sans-serif","label":"Assistant"},{"value":"'Astloch', display","label":"Astloch"},{"value":"'Asul', sans-serif","label":"Asul"},{"value":"'Athiti', sans-serif","label":"Athiti"},{"value":"'Atma', display","label":"Atma"},{"value":"'Atomic Age', display","label":"Atomic Age"},{"value":"'Aubrey', display","label":"Aubrey"},{"value":"'Audiowide', display","label":"Audiowide"},{"value":"'Autour One', display","label":"Autour One"},{"value":"'Average', serif","label":"Average"},{"value":"'Average Sans', sans-serif","label":"Average Sans"},{"value":"'Averia Gruesa Libre', display","label":"Averia Gruesa Libre"},{"value":"'Averia Libre', display","label":"Averia Libre"},{"value":"'Averia Sans Libre', display","label":"Averia Sans Libre"},{"value":"'Averia Serif Libre', display","label":"Averia Serif Libre"},{"value":"'B612', sans-serif","label":"B612"},{"value":"'B612 Mono', monospace","label":"B612 Mono"},{"value":"'Bad Script', handwriting","label":"Bad Script"},{"value":"'Bahiana', display","label":"Bahiana"},{"value":"'Bahianita', display","label":"Bahianita"},{"value":"'Bai Jamjuree', sans-serif","label":"Bai Jamjuree"},{"value":"'Ballet', handwriting","label":"Ballet"},{"value":"'Baloo 2', display","label":"Baloo 2"},{"value":"'Baloo Bhai 2', display","label":"Baloo Bhai 2"},{"value":"'Baloo Bhaina 2', display","label":"Baloo Bhaina 2"},{"value":"'Baloo Chettan 2', display","label":"Baloo Chettan 2"},{"value":"'Baloo Da 2', display","label":"Baloo Da 2"},{"value":"'Baloo Paaji 2', display","label":"Baloo Paaji 2"},{"value":"'Baloo Tamma 2', display","label":"Baloo Tamma 2"},{"value":"'Baloo Tammudu 2', display","label":"Baloo Tammudu 2"},{"value":"'Baloo Thambi 2', display","label":"Baloo Thambi 2"},{"value":"'Balsamiq Sans', display","label":"Balsamiq Sans"},{"value":"'Balthazar', serif","label":"Balthazar"},{"value":"'Bangers', display","label":"Bangers"},{"value":"'Barlow', sans-serif","label":"Barlow"},{"value":"'Barlow Condensed', sans-serif","label":"Barlow Condensed"},{"value":"'Barlow Semi Condensed', sans-serif","label":"Barlow Semi Condensed"},{"value":"'Barriecito', display","label":"Barriecito"},{"value":"'Barrio', display","label":"Barrio"},{"value":"'Basic', sans-serif","label":"Basic"},{"value":"'Baskervville', serif","label":"Baskervville"},{"value":"'Battambang', display","label":"Battambang"},{"value":"'Baumans', display","label":"Baumans"},{"value":"'Bayon', display","label":"Bayon"},{"value":"'Be Vietnam', sans-serif","label":"Be Vietnam"},{"value":"'Bebas Neue', display","label":"Bebas Neue"},{"value":"'Belgrano', serif","label":"Belgrano"},{"value":"'Bellefair', serif","label":"Bellefair"},{"value":"'Belleza', sans-serif","label":"Belleza"},{"value":"'Bellota', display","label":"Bellota"},{"value":"'Bellota Text', display","label":"Bellota Text"},{"value":"'BenchNine', sans-serif","label":"BenchNine"},{"value":"'Benne', serif","label":"Benne"},{"value":"'Bentham', serif","label":"Bentham"},{"value":"'Berkshire Swash', handwriting","label":"Berkshire Swash"},{"value":"'Beth Ellen', handwriting","label":"Beth Ellen"},{"value":"'Bevan', display","label":"Bevan"},{"value":"'Big Shoulders Display', display","label":"Big Shoulders Display"},{"value":"'Big Shoulders Inline Display', display","label":"Big Shoulders Inline Display"},{"value":"'Big Shoulders Inline Text', display","label":"Big Shoulders Inline Text"},{"value":"'Big Shoulders Stencil Display', display","label":"Big Shoulders Stencil Display"},{"value":"'Big Shoulders Stencil Text', display","label":"Big Shoulders Stencil Text"},{"value":"'Big Shoulders Text', display","label":"Big Shoulders Text"},{"value":"'Bigelow Rules', display","label":"Bigelow Rules"},{"value":"'Bigshot One', display","label":"Bigshot One"},{"value":"'Bilbo', handwriting","label":"Bilbo"},{"value":"'Bilbo Swash Caps', handwriting","label":"Bilbo Swash Caps"},{"value":"'BioRhyme', serif","label":"BioRhyme"},{"value":"'BioRhyme Expanded', serif","label":"BioRhyme Expanded"},{"value":"'Biryani', sans-serif","label":"Biryani"},{"value":"'Bitter', serif","label":"Bitter"},{"value":"'Black And White Picture', sans-serif","label":"Black And White Picture"},{"value":"'Black Han Sans', sans-serif","label":"Black Han Sans"},{"value":"'Black Ops One', display","label":"Black Ops One"},{"value":"'Blinker', sans-serif","label":"Blinker"},{"value":"'Bodoni Moda', serif","label":"Bodoni Moda"},{"value":"'Bokor', display","label":"Bokor"},{"value":"'Bonbon', handwriting","label":"Bonbon"},{"value":"'Boogaloo', display","label":"Boogaloo"},{"value":"'Bowlby One', display","label":"Bowlby One"},{"value":"'Bowlby One SC', display","label":"Bowlby One SC"},{"value":"'Brawler', serif","label":"Brawler"},{"value":"'Bree Serif', serif","label":"Bree Serif"},{"value":"'Brygada 1918', serif","label":"Brygada 1918"},{"value":"'Bubblegum Sans', display","label":"Bubblegum Sans"},{"value":"'Bubbler One', sans-serif","label":"Bubbler One"},{"value":"'Buda', display","label":"Buda"},{"value":"'Buenard', serif","label":"Buenard"},{"value":"'Bungee', display","label":"Bungee"},{"value":"'Bungee Hairline', display","label":"Bungee Hairline"},{"value":"'Bungee Inline', display","label":"Bungee Inline"},{"value":"'Bungee Outline', display","label":"Bungee Outline"},{"value":"'Bungee Shade', display","label":"Bungee Shade"},{"value":"'Butcherman', display","label":"Butcherman"},{"value":"'Butterfly Kids', handwriting","label":"Butterfly Kids"},{"value":"'Cabin', sans-serif","label":"Cabin"},{"value":"'Cabin Condensed', sans-serif","label":"Cabin Condensed"},{"value":"'Cabin Sketch', display","label":"Cabin Sketch"},{"value":"'Caesar Dressing', display","label":"Caesar Dressing"},{"value":"'Cagliostro', sans-serif","label":"Cagliostro"},{"value":"'Cairo', sans-serif","label":"Cairo"},{"value":"'Caladea', serif","label":"Caladea"},{"value":"'Calistoga', display","label":"Calistoga"},{"value":"'Calligraffitti', handwriting","label":"Calligraffitti"},{"value":"'Cambay', sans-serif","label":"Cambay"},{"value":"'Cambo', serif","label":"Cambo"},{"value":"'Candal', sans-serif","label":"Candal"},{"value":"'Cantarell', sans-serif","label":"Cantarell"},{"value":"'Cantata One', serif","label":"Cantata One"},{"value":"'Cantora One', sans-serif","label":"Cantora One"},{"value":"'Capriola', sans-serif","label":"Capriola"},{"value":"'Cardo', serif","label":"Cardo"},{"value":"'Carme', sans-serif","label":"Carme"},{"value":"'Carrois Gothic', sans-serif","label":"Carrois Gothic"},{"value":"'Carrois Gothic SC', sans-serif","label":"Carrois Gothic SC"},{"value":"'Carter One', display","label":"Carter One"},{"value":"'Castoro', serif","label":"Castoro"},{"value":"'Catamaran', sans-serif","label":"Catamaran"},{"value":"'Caudex', serif","label":"Caudex"},{"value":"'Caveat', handwriting","label":"Caveat"},{"value":"'Caveat Brush', handwriting","label":"Caveat Brush"},{"value":"'Cedarville Cursive', handwriting","label":"Cedarville Cursive"},{"value":"'Ceviche One', display","label":"Ceviche One"},{"value":"'Chakra Petch', sans-serif","label":"Chakra Petch"},{"value":"'Changa', sans-serif","label":"Changa"},{"value":"'Changa One', display","label":"Changa One"},{"value":"'Chango', display","label":"Chango"},{"value":"'Charm', handwriting","label":"Charm"},{"value":"'Charmonman', handwriting","label":"Charmonman"},{"value":"'Chathura', sans-serif","label":"Chathura"},{"value":"'Chau Philomene One', sans-serif","label":"Chau Philomene One"},{"value":"'Chela One', display","label":"Chela One"},{"value":"'Chelsea Market', display","label":"Chelsea Market"},{"value":"'Chenla', display","label":"Chenla"},{"value":"'Cherry Cream Soda', display","label":"Cherry Cream Soda"},{"value":"'Cherry Swash', display","label":"Cherry Swash"},{"value":"'Chewy', display","label":"Chewy"},{"value":"'Chicle', display","label":"Chicle"},{"value":"'Chilanka', handwriting","label":"Chilanka"},{"value":"'Chivo', sans-serif","label":"Chivo"},{"value":"'Chonburi', display","label":"Chonburi"},{"value":"'Cinzel', serif","label":"Cinzel"},{"value":"'Cinzel Decorative', display","label":"Cinzel Decorative"},{"value":"'Clicker Script', handwriting","label":"Clicker Script"},{"value":"'Coda', display","label":"Coda"},{"value":"'Coda Caption', sans-serif","label":"Coda Caption"},{"value":"'Codystar', display","label":"Codystar"},{"value":"'Coiny', display","label":"Coiny"},{"value":"'Combo', display","label":"Combo"},{"value":"'Comfortaa', display","label":"Comfortaa"},{"value":"'Comic Neue', handwriting","label":"Comic Neue"},{"value":"'Coming Soon', handwriting","label":"Coming Soon"},{"value":"'Commissioner', sans-serif","label":"Commissioner"},{"value":"'Concert One', display","label":"Concert One"},{"value":"'Condiment', handwriting","label":"Condiment"},{"value":"'Content', display","label":"Content"},{"value":"'Contrail One', display","label":"Contrail One"},{"value":"'Convergence', sans-serif","label":"Convergence"},{"value":"'Cookie', handwriting","label":"Cookie"},{"value":"'Copse', serif","label":"Copse"},{"value":"'Corben', display","label":"Corben"},{"value":"'Cormorant', serif","label":"Cormorant"},{"value":"'Cormorant Garamond', serif","label":"Cormorant Garamond"},{"value":"'Cormorant Infant', serif","label":"Cormorant Infant"},{"value":"'Cormorant SC', serif","label":"Cormorant SC"},{"value":"'Cormorant Unicase', serif","label":"Cormorant Unicase"},{"value":"'Cormorant Upright', serif","label":"Cormorant Upright"},{"value":"'Courgette', handwriting","label":"Courgette"},{"value":"'Courier Prime', monospace","label":"Courier Prime"},{"value":"'Cousine', monospace","label":"Cousine"},{"value":"'Coustard', serif","label":"Coustard"},{"value":"'Covered By Your Grace', handwriting","label":"Covered By Your Grace"},{"value":"'Crafty Girls', handwriting","label":"Crafty Girls"},{"value":"'Creepster', display","label":"Creepster"},{"value":"'Crete Round', serif","label":"Crete Round"},{"value":"'Crimson Pro', serif","label":"Crimson Pro"},{"value":"'Crimson Text', serif","label":"Crimson Text"},{"value":"'Croissant One', display","label":"Croissant One"},{"value":"'Crushed', display","label":"Crushed"},{"value":"'Cuprum', sans-serif","label":"Cuprum"},{"value":"'Cute Font', display","label":"Cute Font"},{"value":"'Cutive', serif","label":"Cutive"},{"value":"'Cutive Mono', monospace","label":"Cutive Mono"},{"value":"'DM Mono', monospace","label":"DM Mono"},{"value":"'DM Sans', sans-serif","label":"DM Sans"},{"value":"'DM Serif Display', serif","label":"DM Serif Display"},{"value":"'DM Serif Text', serif","label":"DM Serif Text"},{"value":"'Damion', handwriting","label":"Damion"},{"value":"'Dancing Script', handwriting","label":"Dancing Script"},{"value":"'Dangrek', display","label":"Dangrek"},{"value":"'Darker Grotesque', sans-serif","label":"Darker Grotesque"},{"value":"'David Libre', serif","label":"David Libre"},{"value":"'Dawning of a New Day', handwriting","label":"Dawning of a New Day"},{"value":"'Days One', sans-serif","label":"Days One"},{"value":"'Dekko', handwriting","label":"Dekko"},{"value":"'Delius', handwriting","label":"Delius"},{"value":"'Delius Swash Caps', handwriting","label":"Delius Swash Caps"},{"value":"'Delius Unicase', handwriting","label":"Delius Unicase"},{"value":"'Della Respira', serif","label":"Della Respira"},{"value":"'Denk One', sans-serif","label":"Denk One"},{"value":"'Devonshire', handwriting","label":"Devonshire"},{"value":"'Dhurjati', sans-serif","label":"Dhurjati"},{"value":"'Didact Gothic', sans-serif","label":"Didact Gothic"},{"value":"'Diplomata', display","label":"Diplomata"},{"value":"'Diplomata SC', display","label":"Diplomata SC"},{"value":"'Do Hyeon', sans-serif","label":"Do Hyeon"},{"value":"'Dokdo', handwriting","label":"Dokdo"},{"value":"'Domine', serif","label":"Domine"},{"value":"'Donegal One', serif","label":"Donegal One"},{"value":"'Doppio One', sans-serif","label":"Doppio One"},{"value":"'Dorsa', sans-serif","label":"Dorsa"},{"value":"'Dosis', sans-serif","label":"Dosis"},{"value":"'DotGothic16', sans-serif","label":"DotGothic16"},{"value":"'Dr Sugiyama', handwriting","label":"Dr Sugiyama"},{"value":"'Duru Sans', sans-serif","label":"Duru Sans"},{"value":"'Dynalight', display","label":"Dynalight"},{"value":"'EB Garamond', serif","label":"EB Garamond"},{"value":"'Eagle Lake', handwriting","label":"Eagle Lake"},{"value":"'East Sea Dokdo', handwriting","label":"East Sea Dokdo"},{"value":"'Eater', display","label":"Eater"},{"value":"'Economica', sans-serif","label":"Economica"},{"value":"'Eczar', serif","label":"Eczar"},{"value":"'El Messiri', sans-serif","label":"El Messiri"},{"value":"'Electrolize', sans-serif","label":"Electrolize"},{"value":"'Elsie', display","label":"Elsie"},{"value":"'Elsie Swash Caps', display","label":"Elsie Swash Caps"},{"value":"'Emblema One', display","label":"Emblema One"},{"value":"'Emilys Candy', display","label":"Emilys Candy"},{"value":"'Encode Sans', sans-serif","label":"Encode Sans"},{"value":"'Encode Sans Condensed', sans-serif","label":"Encode Sans Condensed"},{"value":"'Encode Sans Expanded', sans-serif","label":"Encode Sans Expanded"},{"value":"'Encode Sans Semi Condensed', sans-serif","label":"Encode Sans Semi Condensed"},{"value":"'Encode Sans Semi Expanded', sans-serif","label":"Encode Sans Semi Expanded"},{"value":"'Engagement', handwriting","label":"Engagement"},{"value":"'Englebert', sans-serif","label":"Englebert"},{"value":"'Enriqueta', serif","label":"Enriqueta"},{"value":"'Epilogue', sans-serif","label":"Epilogue"},{"value":"'Erica One', display","label":"Erica One"},{"value":"'Esteban', serif","label":"Esteban"},{"value":"'Euphoria Script', handwriting","label":"Euphoria Script"},{"value":"'Ewert', display","label":"Ewert"},{"value":"'Exo', sans-serif","label":"Exo"},{"value":"'Exo 2', sans-serif","label":"Exo 2"},{"value":"'Expletus Sans', display","label":"Expletus Sans"},{"value":"'Fahkwang', sans-serif","label":"Fahkwang"},{"value":"'Fanwood Text', serif","label":"Fanwood Text"},{"value":"'Farro', sans-serif","label":"Farro"},{"value":"'Farsan', display","label":"Farsan"},{"value":"'Fascinate', display","label":"Fascinate"},{"value":"'Fascinate Inline', display","label":"Fascinate Inline"},{"value":"'Faster One', display","label":"Faster One"},{"value":"'Fasthand', serif","label":"Fasthand"},{"value":"'Fauna One', serif","label":"Fauna One"},{"value":"'Faustina', serif","label":"Faustina"},{"value":"'Federant', display","label":"Federant"},{"value":"'Federo', sans-serif","label":"Federo"},{"value":"'Felipa', handwriting","label":"Felipa"},{"value":"'Fenix', serif","label":"Fenix"},{"value":"'Finger Paint', display","label":"Finger Paint"},{"value":"'Fira Code', monospace","label":"Fira Code"},{"value":"'Fira Mono', monospace","label":"Fira Mono"},{"value":"'Fira Sans', sans-serif","label":"Fira Sans"},{"value":"'Fira Sans Condensed', sans-serif","label":"Fira Sans Condensed"},{"value":"'Fira Sans Extra Condensed', sans-serif","label":"Fira Sans Extra Condensed"},{"value":"'Fjalla One', sans-serif","label":"Fjalla One"},{"value":"'Fjord One', serif","label":"Fjord One"},{"value":"'Flamenco', display","label":"Flamenco"},{"value":"'Flavors', display","label":"Flavors"},{"value":"'Fondamento', handwriting","label":"Fondamento"},{"value":"'Fontdiner Swanky', display","label":"Fontdiner Swanky"},{"value":"'Forum', display","label":"Forum"},{"value":"'Francois One', sans-serif","label":"Francois One"},{"value":"'Frank Ruhl Libre', serif","label":"Frank Ruhl Libre"},{"value":"'Fraunces', serif","label":"Fraunces"},{"value":"'Freckle Face', display","label":"Freckle Face"},{"value":"'Fredericka the Great', display","label":"Fredericka the Great"},{"value":"'Fredoka One', display","label":"Fredoka One"},{"value":"'Freehand', display","label":"Freehand"},{"value":"'Fresca', sans-serif","label":"Fresca"},{"value":"'Frijole', display","label":"Frijole"},{"value":"'Fruktur', display","label":"Fruktur"},{"value":"'Fugaz One', display","label":"Fugaz One"},{"value":"'GFS Didot', serif","label":"GFS Didot"},{"value":"'GFS Neohellenic', sans-serif","label":"GFS Neohellenic"},{"value":"'Gabriela', serif","label":"Gabriela"},{"value":"'Gaegu', handwriting","label":"Gaegu"},{"value":"'Gafata', sans-serif","label":"Gafata"},{"value":"'Galada', display","label":"Galada"},{"value":"'Galdeano', sans-serif","label":"Galdeano"},{"value":"'Galindo', display","label":"Galindo"},{"value":"'Gamja Flower', handwriting","label":"Gamja Flower"},{"value":"'Gayathri', sans-serif","label":"Gayathri"},{"value":"'Gelasio', serif","label":"Gelasio"},{"value":"'Gentium Basic', serif","label":"Gentium Basic"},{"value":"'Gentium Book Basic', serif","label":"Gentium Book Basic"},{"value":"'Geo', sans-serif","label":"Geo"},{"value":"'Geostar', display","label":"Geostar"},{"value":"'Geostar Fill', display","label":"Geostar Fill"},{"value":"'Germania One', display","label":"Germania One"},{"value":"'Gidugu', sans-serif","label":"Gidugu"},{"value":"'Gilda Display', serif","label":"Gilda Display"},{"value":"'Girassol', display","label":"Girassol"},{"value":"'Give You Glory', handwriting","label":"Give You Glory"},{"value":"'Glass Antiqua', display","label":"Glass Antiqua"},{"value":"'Glegoo', serif","label":"Glegoo"},{"value":"'Gloria Hallelujah', handwriting","label":"Gloria Hallelujah"},{"value":"'Goblin One', display","label":"Goblin One"},{"value":"'Gochi Hand', handwriting","label":"Gochi Hand"},{"value":"'Goldman', display","label":"Goldman"},{"value":"'Gorditas', display","label":"Gorditas"},{"value":"'Gothic A1', sans-serif","label":"Gothic A1"},{"value":"'Gotu', sans-serif","label":"Gotu"},{"value":"'Goudy Bookletter 1911', serif","label":"Goudy Bookletter 1911"},{"value":"'Graduate', display","label":"Graduate"},{"value":"'Grand Hotel', handwriting","label":"Grand Hotel"},{"value":"'Grandstander', display","label":"Grandstander"},{"value":"'Gravitas One', display","label":"Gravitas One"},{"value":"'Great Vibes', handwriting","label":"Great Vibes"},{"value":"'Grenze', serif","label":"Grenze"},{"value":"'Grenze Gotisch', display","label":"Grenze Gotisch"},{"value":"'Griffy', display","label":"Griffy"},{"value":"'Gruppo', display","label":"Gruppo"},{"value":"'Gudea', sans-serif","label":"Gudea"},{"value":"'Gugi', display","label":"Gugi"},{"value":"'Gupter', serif","label":"Gupter"},{"value":"'Gurajada', serif","label":"Gurajada"},{"value":"'Habibi', serif","label":"Habibi"},{"value":"'Hachi Maru Pop', handwriting","label":"Hachi Maru Pop"},{"value":"'Halant', serif","label":"Halant"},{"value":"'Hammersmith One', sans-serif","label":"Hammersmith One"},{"value":"'Hanalei', display","label":"Hanalei"},{"value":"'Hanalei Fill', display","label":"Hanalei Fill"},{"value":"'Handlee', handwriting","label":"Handlee"},{"value":"'Hanuman', serif","label":"Hanuman"},{"value":"'Happy Monkey', display","label":"Happy Monkey"},{"value":"'Harmattan', sans-serif","label":"Harmattan"},{"value":"'Headland One', serif","label":"Headland One"},{"value":"'Heebo', sans-serif","label":"Heebo"},{"value":"'Henny Penny', display","label":"Henny Penny"},{"value":"'Hepta Slab', serif","label":"Hepta Slab"},{"value":"'Herr Von Muellerhoff', handwriting","label":"Herr Von Muellerhoff"},{"value":"'Hi Melody', handwriting","label":"Hi Melody"},{"value":"'Hind', sans-serif","label":"Hind"},{"value":"'Hind Guntur', sans-serif","label":"Hind Guntur"},{"value":"'Hind Madurai', sans-serif","label":"Hind Madurai"},{"value":"'Hind Siliguri', sans-serif","label":"Hind Siliguri"},{"value":"'Hind Vadodara', sans-serif","label":"Hind Vadodara"},{"value":"'Holtwood One SC', serif","label":"Holtwood One SC"},{"value":"'Homemade Apple', handwriting","label":"Homemade Apple"},{"value":"'Homenaje', sans-serif","label":"Homenaje"},{"value":"'IBM Plex Mono', monospace","label":"IBM Plex Mono"},{"value":"'IBM Plex Sans', sans-serif","label":"IBM Plex Sans"},{"value":"'IBM Plex Sans Condensed', sans-serif","label":"IBM Plex Sans Condensed"},{"value":"'IBM Plex Serif', serif","label":"IBM Plex Serif"},{"value":"'IM Fell DW Pica', serif","label":"IM Fell DW Pica"},{"value":"'IM Fell DW Pica SC', serif","label":"IM Fell DW Pica SC"},{"value":"'IM Fell Double Pica', serif","label":"IM Fell Double Pica"},{"value":"'IM Fell Double Pica SC', serif","label":"IM Fell Double Pica SC"},{"value":"'IM Fell English', serif","label":"IM Fell English"},{"value":"'IM Fell English SC', serif","label":"IM Fell English SC"},{"value":"'IM Fell French Canon', serif","label":"IM Fell French Canon"},{"value":"'IM Fell French Canon SC', serif","label":"IM Fell French Canon SC"},{"value":"'IM Fell Great Primer', serif","label":"IM Fell Great Primer"},{"value":"'IM Fell Great Primer SC', serif","label":"IM Fell Great Primer SC"},{"value":"'Ibarra Real Nova', serif","label":"Ibarra Real Nova"},{"value":"'Iceberg', display","label":"Iceberg"},{"value":"'Iceland', display","label":"Iceland"},{"value":"'Imbue', serif","label":"Imbue"},{"value":"'Imprima', sans-serif","label":"Imprima"},{"value":"'Inconsolata', monospace","label":"Inconsolata"},{"value":"'Inder', sans-serif","label":"Inder"},{"value":"'Indie Flower', handwriting","label":"Indie Flower"},{"value":"'Inika', serif","label":"Inika"},{"value":"'Inknut Antiqua', serif","label":"Inknut Antiqua"},{"value":"'Inria Sans', sans-serif","label":"Inria Sans"},{"value":"'Inria Serif', serif","label":"Inria Serif"},{"value":"'Inter', sans-serif","label":"Inter"},{"value":"'Irish Grover', display","label":"Irish Grover"},{"value":"'Istok Web', sans-serif","label":"Istok Web"},{"value":"'Italiana', serif","label":"Italiana"},{"value":"'Italianno', handwriting","label":"Italianno"},{"value":"'Itim', handwriting","label":"Itim"},{"value":"'Jacques Francois', serif","label":"Jacques Francois"},{"value":"'Jacques Francois Shadow', display","label":"Jacques Francois Shadow"},{"value":"'Jaldi', sans-serif","label":"Jaldi"},{"value":"'JetBrains Mono', monospace","label":"JetBrains Mono"},{"value":"'Jim Nightshade', handwriting","label":"Jim Nightshade"},{"value":"'Jockey One', sans-serif","label":"Jockey One"},{"value":"'Jolly Lodger', display","label":"Jolly Lodger"},{"value":"'Jomhuria', display","label":"Jomhuria"},{"value":"'Jomolhari', serif","label":"Jomolhari"},{"value":"'Josefin Sans', sans-serif","label":"Josefin Sans"},{"value":"'Josefin Slab', serif","label":"Josefin Slab"},{"value":"'Jost', sans-serif","label":"Jost"},{"value":"'Joti One', display","label":"Joti One"},{"value":"'Jua', sans-serif","label":"Jua"},{"value":"'Judson', serif","label":"Judson"},{"value":"'Julee', handwriting","label":"Julee"},{"value":"'Julius Sans One', sans-serif","label":"Julius Sans One"},{"value":"'Junge', serif","label":"Junge"},{"value":"'Jura', sans-serif","label":"Jura"},{"value":"'Just Another Hand', handwriting","label":"Just Another Hand"},{"value":"'Just Me Again Down Here', handwriting","label":"Just Me Again Down Here"},{"value":"'K2D', sans-serif","label":"K2D"},{"value":"'Kadwa', serif","label":"Kadwa"},{"value":"'Kalam', handwriting","label":"Kalam"},{"value":"'Kameron', serif","label":"Kameron"},{"value":"'Kanit', sans-serif","label":"Kanit"},{"value":"'Kantumruy', sans-serif","label":"Kantumruy"},{"value":"'Karla', sans-serif","label":"Karla"},{"value":"'Karma', serif","label":"Karma"},{"value":"'Katibeh', display","label":"Katibeh"},{"value":"'Kaushan Script', handwriting","label":"Kaushan Script"},{"value":"'Kavivanar', handwriting","label":"Kavivanar"},{"value":"'Kavoon', display","label":"Kavoon"},{"value":"'Kdam Thmor', display","label":"Kdam Thmor"},{"value":"'Keania One', display","label":"Keania One"},{"value":"'Kelly Slab', display","label":"Kelly Slab"},{"value":"'Kenia', display","label":"Kenia"},{"value":"'Khand', sans-serif","label":"Khand"},{"value":"'Khmer', display","label":"Khmer"},{"value":"'Khula', sans-serif","label":"Khula"},{"value":"'Kirang Haerang', display","label":"Kirang Haerang"},{"value":"'Kite One', sans-serif","label":"Kite One"},{"value":"'Knewave', display","label":"Knewave"},{"value":"'KoHo', sans-serif","label":"KoHo"},{"value":"'Kodchasan', sans-serif","label":"Kodchasan"},{"value":"'Kosugi', sans-serif","label":"Kosugi"},{"value":"'Kosugi Maru', sans-serif","label":"Kosugi Maru"},{"value":"'Kotta One', serif","label":"Kotta One"},{"value":"'Koulen', display","label":"Koulen"},{"value":"'Kranky', display","label":"Kranky"},{"value":"'Kreon', serif","label":"Kreon"},{"value":"'Kristi', handwriting","label":"Kristi"},{"value":"'Krona One', sans-serif","label":"Krona One"},{"value":"'Krub', sans-serif","label":"Krub"},{"value":"'Kufam', display","label":"Kufam"},{"value":"'Kulim Park', sans-serif","label":"Kulim Park"},{"value":"'Kumar One', display","label":"Kumar One"},{"value":"'Kumar One Outline', display","label":"Kumar One Outline"},{"value":"'Kumbh Sans', sans-serif","label":"Kumbh Sans"},{"value":"'Kurale', serif","label":"Kurale"},{"value":"'La Belle Aurore', handwriting","label":"La Belle Aurore"},{"value":"'Lacquer', display","label":"Lacquer"},{"value":"'Laila', sans-serif","label":"Laila"},{"value":"'Lakki Reddy', handwriting","label":"Lakki Reddy"},{"value":"'Lalezar', display","label":"Lalezar"},{"value":"'Lancelot', display","label":"Lancelot"},{"value":"'Langar', display","label":"Langar"},{"value":"'Lateef', handwriting","label":"Lateef"},{"value":"'Lato', sans-serif","label":"Lato"},{"value":"'League Script', handwriting","label":"League Script"},{"value":"'Leckerli One', handwriting","label":"Leckerli One"},{"value":"'Ledger', serif","label":"Ledger"},{"value":"'Lekton', sans-serif","label":"Lekton"},{"value":"'Lemon', display","label":"Lemon"},{"value":"'Lemonada', display","label":"Lemonada"},{"value":"'Lexend Deca', sans-serif","label":"Lexend Deca"},{"value":"'Lexend Exa', sans-serif","label":"Lexend Exa"},{"value":"'Lexend Giga', sans-serif","label":"Lexend Giga"},{"value":"'Lexend Mega', sans-serif","label":"Lexend Mega"},{"value":"'Lexend Peta', sans-serif","label":"Lexend Peta"},{"value":"'Lexend Tera', sans-serif","label":"Lexend Tera"},{"value":"'Lexend Zetta', sans-serif","label":"Lexend Zetta"},{"value":"'Libre Barcode 128', display","label":"Libre Barcode 128"},{"value":"'Libre Barcode 128 Text', display","label":"Libre Barcode 128 Text"},{"value":"'Libre Barcode 39', display","label":"Libre Barcode 39"},{"value":"'Libre Barcode 39 Extended', display","label":"Libre Barcode 39 Extended"},{"value":"'Libre Barcode 39 Extended Text', display","label":"Libre Barcode 39 Extended Text"},{"value":"'Libre Barcode 39 Text', display","label":"Libre Barcode 39 Text"},{"value":"'Libre Barcode EAN13 Text', display","label":"Libre Barcode EAN13 Text"},{"value":"'Libre Baskerville', serif","label":"Libre Baskerville"},{"value":"'Libre Caslon Display', serif","label":"Libre Caslon Display"},{"value":"'Libre Caslon Text', serif","label":"Libre Caslon Text"},{"value":"'Libre Franklin', sans-serif","label":"Libre Franklin"},{"value":"'Life Savers', display","label":"Life Savers"},{"value":"'Lilita One', display","label":"Lilita One"},{"value":"'Lily Script One', display","label":"Lily Script One"},{"value":"'Limelight', display","label":"Limelight"},{"value":"'Linden Hill', serif","label":"Linden Hill"},{"value":"'Literata', serif","label":"Literata"},{"value":"'Liu Jian Mao Cao', handwriting","label":"Liu Jian Mao Cao"},{"value":"'Livvic', sans-serif","label":"Livvic"},{"value":"'Lobster', display","label":"Lobster"},{"value":"'Lobster Two', display","label":"Lobster Two"},{"value":"'Londrina Outline', display","label":"Londrina Outline"},{"value":"'Londrina Shadow', display","label":"Londrina Shadow"},{"value":"'Londrina Sketch', display","label":"Londrina Sketch"},{"value":"'Londrina Solid', display","label":"Londrina Solid"},{"value":"'Long Cang', handwriting","label":"Long Cang"},{"value":"'Lora', serif","label":"Lora"},{"value":"'Love Ya Like A Sister', display","label":"Love Ya Like A Sister"},{"value":"'Loved by the King', handwriting","label":"Loved by the King"},{"value":"'Lovers Quarrel', handwriting","label":"Lovers Quarrel"},{"value":"'Luckiest Guy', display","label":"Luckiest Guy"},{"value":"'Lusitana', serif","label":"Lusitana"},{"value":"'Lustria', serif","label":"Lustria"},{"value":"'M PLUS 1p', sans-serif","label":"M PLUS 1p"},{"value":"'M PLUS Rounded 1c', sans-serif","label":"M PLUS Rounded 1c"},{"value":"'Ma Shan Zheng', handwriting","label":"Ma Shan Zheng"},{"value":"'Macondo', display","label":"Macondo"},{"value":"'Macondo Swash Caps', display","label":"Macondo Swash Caps"},{"value":"'Mada', sans-serif","label":"Mada"},{"value":"'Magra', sans-serif","label":"Magra"},{"value":"'Maiden Orange', display","label":"Maiden Orange"},{"value":"'Maitree', serif","label":"Maitree"},{"value":"'Major Mono Display', monospace","label":"Major Mono Display"},{"value":"'Mako', sans-serif","label":"Mako"},{"value":"'Mali', handwriting","label":"Mali"},{"value":"'Mallanna', sans-serif","label":"Mallanna"},{"value":"'Mandali', sans-serif","label":"Mandali"},{"value":"'Manjari', sans-serif","label":"Manjari"},{"value":"'Manrope', sans-serif","label":"Manrope"},{"value":"'Mansalva', handwriting","label":"Mansalva"},{"value":"'Manuale', serif","label":"Manuale"},{"value":"'Marcellus', serif","label":"Marcellus"},{"value":"'Marcellus SC', serif","label":"Marcellus SC"},{"value":"'Marck Script', handwriting","label":"Marck Script"},{"value":"'Margarine', display","label":"Margarine"},{"value":"'Markazi Text', serif","label":"Markazi Text"},{"value":"'Marko One', serif","label":"Marko One"},{"value":"'Marmelad', sans-serif","label":"Marmelad"},{"value":"'Martel', serif","label":"Martel"},{"value":"'Martel Sans', sans-serif","label":"Martel Sans"},{"value":"'Marvel', sans-serif","label":"Marvel"},{"value":"'Mate', serif","label":"Mate"},{"value":"'Mate SC', serif","label":"Mate SC"},{"value":"'Maven Pro', sans-serif","label":"Maven Pro"},{"value":"'McLaren', display","label":"McLaren"},{"value":"'Meddon', handwriting","label":"Meddon"},{"value":"'MedievalSharp', display","label":"MedievalSharp"},{"value":"'Medula One', display","label":"Medula One"},{"value":"'Meera Inimai', sans-serif","label":"Meera Inimai"},{"value":"'Megrim', display","label":"Megrim"},{"value":"'Meie Script', handwriting","label":"Meie Script"},{"value":"'Merienda', handwriting","label":"Merienda"},{"value":"'Merienda One', handwriting","label":"Merienda One"},{"value":"'Merriweather', serif","label":"Merriweather"},{"value":"'Merriweather Sans', sans-serif","label":"Merriweather Sans"},{"value":"'Metal', display","label":"Metal"},{"value":"'Metal Mania', display","label":"Metal Mania"},{"value":"'Metamorphous', display","label":"Metamorphous"},{"value":"'Metrophobic', sans-serif","label":"Metrophobic"},{"value":"'Michroma', sans-serif","label":"Michroma"},{"value":"'Milonga', display","label":"Milonga"},{"value":"'Miltonian', display","label":"Miltonian"},{"value":"'Miltonian Tattoo', display","label":"Miltonian Tattoo"},{"value":"'Mina', sans-serif","label":"Mina"},{"value":"'Miniver', display","label":"Miniver"},{"value":"'Miriam Libre', sans-serif","label":"Miriam Libre"},{"value":"'Mirza', display","label":"Mirza"},{"value":"'Miss Fajardose', handwriting","label":"Miss Fajardose"},{"value":"'Mitr', sans-serif","label":"Mitr"},{"value":"'Modak', display","label":"Modak"},{"value":"'Modern Antiqua', display","label":"Modern Antiqua"},{"value":"'Mogra', display","label":"Mogra"},{"value":"'Molengo', sans-serif","label":"Molengo"},{"value":"'Molle', handwriting","label":"Molle"},{"value":"'Monda', sans-serif","label":"Monda"},{"value":"'Monofett', display","label":"Monofett"},{"value":"'Monoton', display","label":"Monoton"},{"value":"'Monsieur La Doulaise', handwriting","label":"Monsieur La Doulaise"},{"value":"'Montaga', serif","label":"Montaga"},{"value":"'Montez', handwriting","label":"Montez"},{"value":"'Montserrat', sans-serif","label":"Montserrat"},{"value":"'Montserrat Alternates', sans-serif","label":"Montserrat Alternates"},{"value":"'Montserrat Subrayada', sans-serif","label":"Montserrat Subrayada"},{"value":"'Moul', display","label":"Moul"},{"value":"'Moulpali', display","label":"Moulpali"},{"value":"'Mountains of Christmas', display","label":"Mountains of Christmas"},{"value":"'Mouse Memoirs', sans-serif","label":"Mouse Memoirs"},{"value":"'Mr Bedfort', handwriting","label":"Mr Bedfort"},{"value":"'Mr Dafoe', handwriting","label":"Mr Dafoe"},{"value":"'Mr De Haviland', handwriting","label":"Mr De Haviland"},{"value":"'Mrs Saint Delafield', handwriting","label":"Mrs Saint Delafield"},{"value":"'Mrs Sheppards', handwriting","label":"Mrs Sheppards"},{"value":"'Mukta', sans-serif","label":"Mukta"},{"value":"'Mukta Mahee', sans-serif","label":"Mukta Mahee"},{"value":"'Mukta Malar', sans-serif","label":"Mukta Malar"},{"value":"'Mukta Vaani', sans-serif","label":"Mukta Vaani"},{"value":"'Mulish', sans-serif","label":"Mulish"},{"value":"'MuseoModerno', display","label":"MuseoModerno"},{"value":"'Mystery Quest', display","label":"Mystery Quest"},{"value":"'NTR', sans-serif","label":"NTR"},{"value":"'Nanum Brush Script', handwriting","label":"Nanum Brush Script"},{"value":"'Nanum Gothic', sans-serif","label":"Nanum Gothic"},{"value":"'Nanum Gothic Coding', monospace","label":"Nanum Gothic Coding"},{"value":"'Nanum Myeongjo', serif","label":"Nanum Myeongjo"},{"value":"'Nanum Pen Script', handwriting","label":"Nanum Pen Script"},{"value":"'Nerko One', handwriting","label":"Nerko One"},{"value":"'Neucha', handwriting","label":"Neucha"},{"value":"'Neuton', serif","label":"Neuton"},{"value":"'New Rocker', display","label":"New Rocker"},{"value":"'News Cycle', sans-serif","label":"News Cycle"},{"value":"'Newsreader', serif","label":"Newsreader"},{"value":"'Niconne', handwriting","label":"Niconne"},{"value":"'Niramit', sans-serif","label":"Niramit"},{"value":"'Nixie One', display","label":"Nixie One"},{"value":"'Nobile', sans-serif","label":"Nobile"},{"value":"'Nokora', serif","label":"Nokora"},{"value":"'Norican', handwriting","label":"Norican"},{"value":"'Nosifer', display","label":"Nosifer"},{"value":"'Notable', sans-serif","label":"Notable"},{"value":"'Nothing You Could Do', handwriting","label":"Nothing You Could Do"},{"value":"'Noticia Text', serif","label":"Noticia Text"},{"value":"'Noto Sans', sans-serif","label":"Noto Sans"},{"value":"'Noto Sans HK', sans-serif","label":"Noto Sans HK"},{"value":"'Noto Sans JP', sans-serif","label":"Noto Sans JP"},{"value":"'Noto Sans KR', sans-serif","label":"Noto Sans KR"},{"value":"'Noto Sans SC', sans-serif","label":"Noto Sans SC"},{"value":"'Noto Sans TC', sans-serif","label":"Noto Sans TC"},{"value":"'Noto Serif', serif","label":"Noto Serif"},{"value":"'Noto Serif JP', serif","label":"Noto Serif JP"},{"value":"'Noto Serif KR', serif","label":"Noto Serif KR"},{"value":"'Noto Serif SC', serif","label":"Noto Serif SC"},{"value":"'Noto Serif TC', serif","label":"Noto Serif TC"},{"value":"'Nova Cut', display","label":"Nova Cut"},{"value":"'Nova Flat', display","label":"Nova Flat"},{"value":"'Nova Mono', monospace","label":"Nova Mono"},{"value":"'Nova Oval', display","label":"Nova Oval"},{"value":"'Nova Round', display","label":"Nova Round"},{"value":"'Nova Script', display","label":"Nova Script"},{"value":"'Nova Slim', display","label":"Nova Slim"},{"value":"'Nova Square', display","label":"Nova Square"},{"value":"'Numans', sans-serif","label":"Numans"},{"value":"'Nunito', sans-serif","label":"Nunito"},{"value":"'Nunito Sans', sans-serif","label":"Nunito Sans"},{"value":"'Odibee Sans', display","label":"Odibee Sans"},{"value":"'Odor Mean Chey', display","label":"Odor Mean Chey"},{"value":"'Offside', display","label":"Offside"},{"value":"'Oi', display","label":"Oi"},{"value":"'Old Standard TT', serif","label":"Old Standard TT"},{"value":"'Oldenburg', display","label":"Oldenburg"},{"value":"'Oleo Script', display","label":"Oleo Script"},{"value":"'Oleo Script Swash Caps', display","label":"Oleo Script Swash Caps"},{"value":"'Open Sans', sans-serif","label":"Open Sans"},{"value":"'Open Sans Condensed', sans-serif","label":"Open Sans Condensed"},{"value":"'Oranienbaum', serif","label":"Oranienbaum"},{"value":"'Orbitron', sans-serif","label":"Orbitron"},{"value":"'Oregano', display","label":"Oregano"},{"value":"'Orienta', sans-serif","label":"Orienta"},{"value":"'Original Surfer', display","label":"Original Surfer"},{"value":"'Oswald', sans-serif","label":"Oswald"},{"value":"'Over the Rainbow', handwriting","label":"Over the Rainbow"},{"value":"'Overlock', display","label":"Overlock"},{"value":"'Overlock SC', display","label":"Overlock SC"},{"value":"'Overpass', sans-serif","label":"Overpass"},{"value":"'Overpass Mono', monospace","label":"Overpass Mono"},{"value":"'Ovo', serif","label":"Ovo"},{"value":"'Oxanium', display","label":"Oxanium"},{"value":"'Oxygen', sans-serif","label":"Oxygen"},{"value":"'Oxygen Mono', monospace","label":"Oxygen Mono"},{"value":"'PT Mono', monospace","label":"PT Mono"},{"value":"'PT Sans', sans-serif","label":"PT Sans"},{"value":"'PT Sans Caption', sans-serif","label":"PT Sans Caption"},{"value":"'PT Sans Narrow', sans-serif","label":"PT Sans Narrow"},{"value":"'PT Serif', serif","label":"PT Serif"},{"value":"'PT Serif Caption', serif","label":"PT Serif Caption"},{"value":"'Pacifico', handwriting","label":"Pacifico"},{"value":"'Padauk', sans-serif","label":"Padauk"},{"value":"'Palanquin', sans-serif","label":"Palanquin"},{"value":"'Palanquin Dark', sans-serif","label":"Palanquin Dark"},{"value":"'Pangolin', handwriting","label":"Pangolin"},{"value":"'Paprika', display","label":"Paprika"},{"value":"'Parisienne', handwriting","label":"Parisienne"},{"value":"'Passero One', display","label":"Passero One"},{"value":"'Passion One', display","label":"Passion One"},{"value":"'Pathway Gothic One', sans-serif","label":"Pathway Gothic One"},{"value":"'Patrick Hand', handwriting","label":"Patrick Hand"},{"value":"'Patrick Hand SC', handwriting","label":"Patrick Hand SC"},{"value":"'Pattaya', sans-serif","label":"Pattaya"},{"value":"'Patua One', display","label":"Patua One"},{"value":"'Pavanam', sans-serif","label":"Pavanam"},{"value":"'Paytone One', sans-serif","label":"Paytone One"},{"value":"'Peddana', serif","label":"Peddana"},{"value":"'Peralta', display","label":"Peralta"},{"value":"'Permanent Marker', handwriting","label":"Permanent Marker"},{"value":"'Petit Formal Script', handwriting","label":"Petit Formal Script"},{"value":"'Petrona', serif","label":"Petrona"},{"value":"'Philosopher', sans-serif","label":"Philosopher"},{"value":"'Piazzolla', serif","label":"Piazzolla"},{"value":"'Piedra', display","label":"Piedra"},{"value":"'Pinyon Script', handwriting","label":"Pinyon Script"},{"value":"'Pirata One', display","label":"Pirata One"},{"value":"'Plaster', display","label":"Plaster"},{"value":"'Play', sans-serif","label":"Play"},{"value":"'Playball', display","label":"Playball"},{"value":"'Playfair Display', serif","label":"Playfair Display"},{"value":"'Playfair Display SC', serif","label":"Playfair Display SC"},{"value":"'Podkova', serif","label":"Podkova"},{"value":"'Poiret One', display","label":"Poiret One"},{"value":"'Poller One', display","label":"Poller One"},{"value":"'Poly', serif","label":"Poly"},{"value":"'Pompiere', display","label":"Pompiere"},{"value":"'Pontano Sans', sans-serif","label":"Pontano Sans"},{"value":"'Poor Story', display","label":"Poor Story"},{"value":"'Poppins', sans-serif","label":"Poppins"},{"value":"'Port Lligat Sans', sans-serif","label":"Port Lligat Sans"},{"value":"'Port Lligat Slab', serif","label":"Port Lligat Slab"},{"value":"'Potta One', display","label":"Potta One"},{"value":"'Pragati Narrow', sans-serif","label":"Pragati Narrow"},{"value":"'Prata', serif","label":"Prata"},{"value":"'Preahvihear', display","label":"Preahvihear"},{"value":"'Press Start 2P', display","label":"Press Start 2P"},{"value":"'Pridi', serif","label":"Pridi"},{"value":"'Princess Sofia', handwriting","label":"Princess Sofia"},{"value":"'Prociono', serif","label":"Prociono"},{"value":"'Prompt', sans-serif","label":"Prompt"},{"value":"'Prosto One', display","label":"Prosto One"},{"value":"'Proza Libre', sans-serif","label":"Proza Libre"},{"value":"'Public Sans', sans-serif","label":"Public Sans"},{"value":"'Puritan', sans-serif","label":"Puritan"},{"value":"'Purple Purse', display","label":"Purple Purse"},{"value":"'Quando', serif","label":"Quando"},{"value":"'Quantico', sans-serif","label":"Quantico"},{"value":"'Quattrocento', serif","label":"Quattrocento"},{"value":"'Quattrocento Sans', sans-serif","label":"Quattrocento Sans"},{"value":"'Questrial', sans-serif","label":"Questrial"},{"value":"'Quicksand', sans-serif","label":"Quicksand"},{"value":"'Quintessential', handwriting","label":"Quintessential"},{"value":"'Qwigley', handwriting","label":"Qwigley"},{"value":"'Racing Sans One', display","label":"Racing Sans One"},{"value":"'Radley', serif","label":"Radley"},{"value":"'Rajdhani', sans-serif","label":"Rajdhani"},{"value":"'Rakkas', display","label":"Rakkas"},{"value":"'Raleway', sans-serif","label":"Raleway"},{"value":"'Raleway Dots', display","label":"Raleway Dots"},{"value":"'Ramabhadra', sans-serif","label":"Ramabhadra"},{"value":"'Ramaraja', serif","label":"Ramaraja"},{"value":"'Rambla', sans-serif","label":"Rambla"},{"value":"'Rammetto One', display","label":"Rammetto One"},{"value":"'Ranchers', display","label":"Ranchers"},{"value":"'Rancho', handwriting","label":"Rancho"},{"value":"'Ranga', display","label":"Ranga"},{"value":"'Rasa', serif","label":"Rasa"},{"value":"'Rationale', sans-serif","label":"Rationale"},{"value":"'Ravi Prakash', display","label":"Ravi Prakash"},{"value":"'Recursive', sans-serif","label":"Recursive"},{"value":"'Red Hat Display', sans-serif","label":"Red Hat Display"},{"value":"'Red Hat Text', sans-serif","label":"Red Hat Text"},{"value":"'Red Rose', display","label":"Red Rose"},{"value":"'Redressed', handwriting","label":"Redressed"},{"value":"'Reem Kufi', sans-serif","label":"Reem Kufi"},{"value":"'Reenie Beanie', handwriting","label":"Reenie Beanie"},{"value":"'Reggae One', display","label":"Reggae One"},{"value":"'Revalia', display","label":"Revalia"},{"value":"'Rhodium Libre', serif","label":"Rhodium Libre"},{"value":"'Ribeye', display","label":"Ribeye"},{"value":"'Ribeye Marrow', display","label":"Ribeye Marrow"},{"value":"'Righteous', display","label":"Righteous"},{"value":"'Risque', display","label":"Risque"},{"value":"'Roboto', sans-serif","label":"Roboto"},{"value":"'Roboto Condensed', sans-serif","label":"Roboto Condensed"},{"value":"'Roboto Mono', monospace","label":"Roboto Mono"},{"value":"'Roboto Slab', serif","label":"Roboto Slab"},{"value":"'Rochester', handwriting","label":"Rochester"},{"value":"'Rock Salt', handwriting","label":"Rock Salt"},{"value":"'RocknRoll One', sans-serif","label":"RocknRoll One"},{"value":"'Rokkitt', serif","label":"Rokkitt"},{"value":"'Romanesco', handwriting","label":"Romanesco"},{"value":"'Ropa Sans', sans-serif","label":"Ropa Sans"},{"value":"'Rosario', sans-serif","label":"Rosario"},{"value":"'Rosarivo', serif","label":"Rosarivo"},{"value":"'Rouge Script', handwriting","label":"Rouge Script"},{"value":"'Rowdies', display","label":"Rowdies"},{"value":"'Rozha One', serif","label":"Rozha One"},{"value":"'Rubik', sans-serif","label":"Rubik"},{"value":"'Rubik Mono One', sans-serif","label":"Rubik Mono One"},{"value":"'Ruda', sans-serif","label":"Ruda"},{"value":"'Rufina', serif","label":"Rufina"},{"value":"'Ruge Boogie', handwriting","label":"Ruge Boogie"},{"value":"'Ruluko', sans-serif","label":"Ruluko"},{"value":"'Rum Raisin', sans-serif","label":"Rum Raisin"},{"value":"'Ruslan Display', display","label":"Ruslan Display"},{"value":"'Russo One', sans-serif","label":"Russo One"},{"value":"'Ruthie', handwriting","label":"Ruthie"},{"value":"'Rye', display","label":"Rye"},{"value":"'Sacramento', handwriting","label":"Sacramento"},{"value":"'Sahitya', serif","label":"Sahitya"},{"value":"'Sail', display","label":"Sail"},{"value":"'Saira', sans-serif","label":"Saira"},{"value":"'Saira Condensed', sans-serif","label":"Saira Condensed"},{"value":"'Saira Extra Condensed', sans-serif","label":"Saira Extra Condensed"},{"value":"'Saira Semi Condensed', sans-serif","label":"Saira Semi Condensed"},{"value":"'Saira Stencil One', display","label":"Saira Stencil One"},{"value":"'Salsa', display","label":"Salsa"},{"value":"'Sanchez', serif","label":"Sanchez"},{"value":"'Sancreek', display","label":"Sancreek"},{"value":"'Sansita', sans-serif","label":"Sansita"},{"value":"'Sansita Swashed', display","label":"Sansita Swashed"},{"value":"'Sarabun', sans-serif","label":"Sarabun"},{"value":"'Sarala', sans-serif","label":"Sarala"},{"value":"'Sarina', display","label":"Sarina"},{"value":"'Sarpanch', sans-serif","label":"Sarpanch"},{"value":"'Satisfy', handwriting","label":"Satisfy"},{"value":"'Sawarabi Gothic', sans-serif","label":"Sawarabi Gothic"},{"value":"'Sawarabi Mincho', sans-serif","label":"Sawarabi Mincho"},{"value":"'Scada', sans-serif","label":"Scada"},{"value":"'Scheherazade', serif","label":"Scheherazade"},{"value":"'Schoolbell', handwriting","label":"Schoolbell"},{"value":"'Scope One', serif","label":"Scope One"},{"value":"'Seaweed Script', display","label":"Seaweed Script"},{"value":"'Secular One', sans-serif","label":"Secular One"},{"value":"'Sedgwick Ave', handwriting","label":"Sedgwick Ave"},{"value":"'Sedgwick Ave Display', handwriting","label":"Sedgwick Ave Display"},{"value":"'Sen', sans-serif","label":"Sen"},{"value":"'Sevillana', display","label":"Sevillana"},{"value":"'Seymour One', sans-serif","label":"Seymour One"},{"value":"'Shadows Into Light', handwriting","label":"Shadows Into Light"},{"value":"'Shadows Into Light Two', handwriting","label":"Shadows Into Light Two"},{"value":"'Shanti', sans-serif","label":"Shanti"},{"value":"'Share', display","label":"Share"},{"value":"'Share Tech', sans-serif","label":"Share Tech"},{"value":"'Share Tech Mono', monospace","label":"Share Tech Mono"},{"value":"'Shippori Mincho', serif","label":"Shippori Mincho"},{"value":"'Shippori Mincho B1', serif","label":"Shippori Mincho B1"},{"value":"'Shojumaru', display","label":"Shojumaru"},{"value":"'Short Stack', handwriting","label":"Short Stack"},{"value":"'Shrikhand', display","label":"Shrikhand"},{"value":"'Siemreap', display","label":"Siemreap"},{"value":"'Sigmar One', display","label":"Sigmar One"},{"value":"'Signika', sans-serif","label":"Signika"},{"value":"'Signika Negative', sans-serif","label":"Signika Negative"},{"value":"'Simonetta', display","label":"Simonetta"},{"value":"'Single Day', display","label":"Single Day"},{"value":"'Sintony', sans-serif","label":"Sintony"},{"value":"'Sirin Stencil', display","label":"Sirin Stencil"},{"value":"'Six Caps', sans-serif","label":"Six Caps"},{"value":"'Skranji', display","label":"Skranji"},{"value":"'Slabo 13px', serif","label":"Slabo 13px"},{"value":"'Slabo 27px', serif","label":"Slabo 27px"},{"value":"'Slackey', display","label":"Slackey"},{"value":"'Smokum', display","label":"Smokum"},{"value":"'Smythe', display","label":"Smythe"},{"value":"'Sniglet', display","label":"Sniglet"},{"value":"'Snippet', sans-serif","label":"Snippet"},{"value":"'Snowburst One', display","label":"Snowburst One"},{"value":"'Sofadi One', display","label":"Sofadi One"},{"value":"'Sofia', handwriting","label":"Sofia"},{"value":"'Solway', serif","label":"Solway"},{"value":"'Song Myung', serif","label":"Song Myung"},{"value":"'Sonsie One', display","label":"Sonsie One"},{"value":"'Sora', sans-serif","label":"Sora"},{"value":"'Sorts Mill Goudy', serif","label":"Sorts Mill Goudy"},{"value":"'Source Code Pro', monospace","label":"Source Code Pro"},{"value":"'Source Sans Pro', sans-serif","label":"Source Sans Pro"},{"value":"'Source Serif Pro', serif","label":"Source Serif Pro"},{"value":"'Space Grotesk', sans-serif","label":"Space Grotesk"},{"value":"'Space Mono', monospace","label":"Space Mono"},{"value":"'Spartan', sans-serif","label":"Spartan"},{"value":"'Special Elite', display","label":"Special Elite"},{"value":"'Spectral', serif","label":"Spectral"},{"value":"'Spectral SC', serif","label":"Spectral SC"},{"value":"'Spicy Rice', display","label":"Spicy Rice"},{"value":"'Spinnaker', sans-serif","label":"Spinnaker"},{"value":"'Spirax', display","label":"Spirax"},{"value":"'Squada One', display","label":"Squada One"},{"value":"'Sree Krushnadevaraya', serif","label":"Sree Krushnadevaraya"},{"value":"'Sriracha', handwriting","label":"Sriracha"},{"value":"'Srisakdi', display","label":"Srisakdi"},{"value":"'Staatliches', display","label":"Staatliches"},{"value":"'Stalemate', handwriting","label":"Stalemate"},{"value":"'Stalinist One', display","label":"Stalinist One"},{"value":"'Stardos Stencil', display","label":"Stardos Stencil"},{"value":"'Stick', sans-serif","label":"Stick"},{"value":"'Stint Ultra Condensed', display","label":"Stint Ultra Condensed"},{"value":"'Stint Ultra Expanded', display","label":"Stint Ultra Expanded"},{"value":"'Stoke', serif","label":"Stoke"},{"value":"'Strait', sans-serif","label":"Strait"},{"value":"'Stylish', sans-serif","label":"Stylish"},{"value":"'Sue Ellen Francisco', handwriting","label":"Sue Ellen Francisco"},{"value":"'Suez One', serif","label":"Suez One"},{"value":"'Sulphur Point', sans-serif","label":"Sulphur Point"},{"value":"'Sumana', serif","label":"Sumana"},{"value":"'Sunflower', sans-serif","label":"Sunflower"},{"value":"'Sunshiney', handwriting","label":"Sunshiney"},{"value":"'Supermercado One', display","label":"Supermercado One"},{"value":"'Sura', serif","label":"Sura"},{"value":"'Suranna', serif","label":"Suranna"},{"value":"'Suravaram', serif","label":"Suravaram"},{"value":"'Suwannaphum', display","label":"Suwannaphum"},{"value":"'Swanky and Moo Moo', handwriting","label":"Swanky and Moo Moo"},{"value":"'Syncopate', sans-serif","label":"Syncopate"},{"value":"'Syne', sans-serif","label":"Syne"},{"value":"'Syne Mono', monospace","label":"Syne Mono"},{"value":"'Syne Tactile', display","label":"Syne Tactile"},{"value":"'Tajawal', sans-serif","label":"Tajawal"},{"value":"'Tangerine', handwriting","label":"Tangerine"},{"value":"'Taprom', display","label":"Taprom"},{"value":"'Tauri', sans-serif","label":"Tauri"},{"value":"'Taviraj', serif","label":"Taviraj"},{"value":"'Teko', sans-serif","label":"Teko"},{"value":"'Telex', sans-serif","label":"Telex"},{"value":"'Tenali Ramakrishna', sans-serif","label":"Tenali Ramakrishna"},{"value":"'Tenor Sans', sans-serif","label":"Tenor Sans"},{"value":"'Text Me One', sans-serif","label":"Text Me One"},{"value":"'Texturina', serif","label":"Texturina"},{"value":"'Thasadith', sans-serif","label":"Thasadith"},{"value":"'The Girl Next Door', handwriting","label":"The Girl Next Door"},{"value":"'Tienne', serif","label":"Tienne"},{"value":"'Tillana', handwriting","label":"Tillana"},{"value":"'Timmana', sans-serif","label":"Timmana"},{"value":"'Tinos', serif","label":"Tinos"},{"value":"'Titan One', display","label":"Titan One"},{"value":"'Titillium Web', sans-serif","label":"Titillium Web"},{"value":"'Tomorrow', sans-serif","label":"Tomorrow"},{"value":"'Trade Winds', display","label":"Trade Winds"},{"value":"'Trirong', serif","label":"Trirong"},{"value":"'Trispace', sans-serif","label":"Trispace"},{"value":"'Trocchi', serif","label":"Trocchi"},{"value":"'Trochut', display","label":"Trochut"},{"value":"'Truculenta', sans-serif","label":"Truculenta"},{"value":"'Trykker', serif","label":"Trykker"},{"value":"'Tulpen One', display","label":"Tulpen One"},{"value":"'Turret Road', display","label":"Turret Road"},{"value":"'Ubuntu', sans-serif","label":"Ubuntu"},{"value":"'Ubuntu Condensed', sans-serif","label":"Ubuntu Condensed"},{"value":"'Ubuntu Mono', monospace","label":"Ubuntu Mono"},{"value":"'Ultra', serif","label":"Ultra"},{"value":"'Uncial Antiqua', display","label":"Uncial Antiqua"},{"value":"'Underdog', display","label":"Underdog"},{"value":"'Unica One', display","label":"Unica One"},{"value":"'UnifrakturCook', display","label":"UnifrakturCook"},{"value":"'UnifrakturMaguntia', display","label":"UnifrakturMaguntia"},{"value":"'Unkempt', display","label":"Unkempt"},{"value":"'Unlock', display","label":"Unlock"},{"value":"'Unna', serif","label":"Unna"},{"value":"'VT323', monospace","label":"VT323"},{"value":"'Vampiro One', display","label":"Vampiro One"},{"value":"'Varela', sans-serif","label":"Varela"},{"value":"'Varela Round', sans-serif","label":"Varela Round"},{"value":"'Varta', sans-serif","label":"Varta"},{"value":"'Vast Shadow', display","label":"Vast Shadow"},{"value":"'Vesper Libre', serif","label":"Vesper Libre"},{"value":"'Viaoda Libre', display","label":"Viaoda Libre"},{"value":"'Vibes', display","label":"Vibes"},{"value":"'Vibur', handwriting","label":"Vibur"},{"value":"'Vidaloka', serif","label":"Vidaloka"},{"value":"'Viga', sans-serif","label":"Viga"},{"value":"'Voces', display","label":"Voces"},{"value":"'Volkhov', serif","label":"Volkhov"},{"value":"'Vollkorn', serif","label":"Vollkorn"},{"value":"'Vollkorn SC', serif","label":"Vollkorn SC"},{"value":"'Voltaire', sans-serif","label":"Voltaire"},{"value":"'Waiting for the Sunrise', handwriting","label":"Waiting for the Sunrise"},{"value":"'Wallpoet', display","label":"Wallpoet"},{"value":"'Walter Turncoat', handwriting","label":"Walter Turncoat"},{"value":"'Warnes', display","label":"Warnes"},{"value":"'Wellfleet', display","label":"Wellfleet"},{"value":"'Wendy One', sans-serif","label":"Wendy One"},{"value":"'Wire One', sans-serif","label":"Wire One"},{"value":"'Work Sans', sans-serif","label":"Work Sans"},{"value":"'Xanh Mono', monospace","label":"Xanh Mono"},{"value":"'Yanone Kaffeesatz', sans-serif","label":"Yanone Kaffeesatz"},{"value":"'Yantramanav', sans-serif","label":"Yantramanav"},{"value":"'Yatra One', display","label":"Yatra One"},{"value":"'Yellowtail', handwriting","label":"Yellowtail"},{"value":"'Yeon Sung', display","label":"Yeon Sung"},{"value":"'Yeseva One', display","label":"Yeseva One"},{"value":"'Yesteryear', handwriting","label":"Yesteryear"},{"value":"'Yrsa', serif","label":"Yrsa"},{"value":"'Yusei Magic', sans-serif","label":"Yusei Magic"},{"value":"'ZCOOL KuaiLe', display","label":"ZCOOL KuaiLe"},{"value":"'ZCOOL QingKe HuangYou', display","label":"ZCOOL QingKe HuangYou"},{"value":"'ZCOOL XiaoWei', serif","label":"ZCOOL XiaoWei"},{"value":"'Zeyada', handwriting","label":"Zeyada"},{"value":"'Zhi Mang Xing', handwriting","label":"Zhi Mang Xing"},{"value":"'Zilla Slab', serif","label":"Zilla Slab"},{"value":"'Zilla Slab Highlight', display","label":"Zilla Slab Highlight"}]
